offer_id,base_checkout_price,cogs,cogs_low,cogs_high,platform_fee_pct,payment_fee_pct,fulfillment_cost,expected_return_rate,expected_return_cost,contribution_margin_value,contribution_margin_pct,minimum_gross_margin_pct,ground_truth_cost,is_synthetic
vn:100501:1000100,37300,23400,22000,25300,7.34,2.0,1600,0.0542,1300,7500,20.24,15.0,True,True
vn:100502:1000101,77400,51500,48400,55600,5.09,2.0,2500,0.0768,4000,14000,18.03,15.0,True,True
vn:100503:1000102,160100,100200,94200,108200,9.31,2.0,9000,0.0223,2200,30600,19.09,15.0,True,True
vn:100601:1000200,55800,37400,35200,40400,7.45,2.0,2100,0.0491,1800,9200,16.47,15.0,True,True
vn:100602:1000201,115700,72000,67700,77800,6.64,2.0,3200,0.0659,4700,25800,22.26,15.0,True,True
vn:100603:1000202,29900,19600,18400,21200,6.25,2.0,1700,0.0101,200,5900,19.85,15.0,True,True
vn:100301:1000300,107500,71600,67300,77300,8.67,2.0,3600,0.0276,2000,18900,17.54,15.0,True,True
vn:100302:1000301,27900,19300,18100,20800,5.28,2.0,1000,0.078,1500,4100,14.56,15.0,True,True
vn:100303:1000302,28800,20600,19400,22200,6.72,2.0,1200,0.0306,600,3900,13.4,15.0,True,True
vn:100301:1000400,38600,27500,25800,29700,9.98,2.0,1900,0.0381,1000,3500,9.14,15.0,True,True
vn:100302:1000401,40000,25300,23800,27300,4.35,2.0,1000,0.0774,2000,9200,23.0,15.0,True,True
vn:100303:1000402,82800,48300,45400,52200,7.21,2.0,3700,0.0759,3700,19500,23.56,15.0,True,True
vn:100601:1000500,32400,23000,21600,24800,5.92,2.0,1400,0.0361,800,4600,14.21,15.0,True,True
vn:100602:1000501,67300,40600,38200,43800,9.48,2.0,2700,0.0552,2200,14000,20.85,15.0,True,True
vn:100603:1000502,139300,81800,76900,88300,9.55,2.0,5100,0.0368,3000,33300,23.91,15.0,True,True
vn:100301:1000600,102400,73500,69100,79400,8.41,2.0,3400,0.0426,3100,11700,11.43,15.0,True,True
vn:100302:1000601,212200,125200,117700,135200,6.39,2.0,11400,0.0507,6300,51400,24.25,15.0,True,True
vn:100303:1000602,54900,37300,35100,40300,6.63,2.0,1800,0.0569,2100,8900,16.28,15.0,True,True
vn:100001:1000700,136700,84900,79800,91700,5.41,2.0,7800,0.0114,1000,32900,24.07,15.0,True,True
vn:100002:1000701,35400,23600,22200,25500,9.37,2.0,2000,0.0237,600,5200,14.73,15.0,True,True
vn:100003:1000702,36700,23100,21700,24900,4.55,2.0,2100,0.0449,1000,8100,21.96,15.0,True,True
vn:100001:1000800,35000,24200,22700,26100,6.5,2.0,1400,0.0643,1600,4900,13.91,15.0,True,True
vn:100002:1000801,36300,22300,21000,24100,9.95,2.0,1100,0.0122,300,8300,22.84,15.0,True,True
vn:100003:1000802,75200,48300,45400,52200,5.34,2.0,2400,0.0379,1800,17100,22.81,15.0,True,True
vn:100601:1000900,36400,22400,21100,24200,9.08,2.0,2000,0.0226,500,7500,20.5,15.0,True,True
vn:100602:1000901,75400,48600,45700,52500,4.55,2.0,3000,0.0774,3800,15100,20.03,15.0,True,True
vn:100603:1000902,156200,109200,102600,117900,7.75,2.0,6000,0.0691,7500,18200,11.67,15.0,True,True
vn:100501:1001000,98000,68300,64200,73800,7.9,2.0,3700,0.0189,1300,15000,15.31,15.0,True,True
vn:100502:1001001,203200,134700,126600,145500,5.03,2.0,11900,0.0562,7600,34700,17.1,15.0,True,True
vn:100503:1001002,52600,35400,33300,38200,7.01,2.0,2400,0.0565,2000,8100,15.32,15.0,True,True
vn:100601:1001100,112500,71200,66900,76900,7.31,2.0,3300,0.0274,2000,25600,22.73,15.0,True,True
vn:100602:1001101,29200,21000,19700,22700,8.09,2.0,1600,0.0104,200,3400,11.76,15.0,True,True
vn:100603:1001102,30200,19200,18000,20700,7.14,2.0,1000,0.0612,1200,6100,20.08,15.0,True,True
vn:100601:1001200,32300,20200,19000,21800,4.48,2.0,1300,0.0371,700,8000,24.64,15.0,True,True
vn:100602:1001201,33400,20400,19200,22000,6.93,2.0,1400,0.0532,1100,7500,22.55,15.0,True,True
vn:100603:1001202,69200,43500,40900,47000,5.48,2.0,2600,0.0149,600,17300,24.96,15.0,True,True
vn:100001:1001300,39600,25100,23600,27100,9.34,2.0,1900,0.0669,1700,6400,16.24,15.0,True,True
vn:100002:1001301,82200,50900,47800,55000,9.2,2.0,4800,0.0597,3000,14300,17.34,15.0,True,True
vn:100003:1001302,170200,112100,105400,121100,6.19,2.0,8200,0.0439,4900,31000,18.24,15.0,True,True
vn:100601:1001400,57500,39000,36700,42100,9.71,2.0,2800,0.0383,1500,7500,13.0,15.0,True,True
vn:100602:1001401,119200,73300,68900,79200,7.39,2.0,5500,0.0308,2300,26900,22.61,15.0,True,True
vn:100603:1001402,30900,21400,20100,23100,4.2,2.0,1000,0.0174,400,6200,20.1,15.0,True,True
id:900201:2001500,73000,48600,45700,52500,5.43,2.0,3500,0.0241,1200,14300,19.6,15.0,True,True
id:900202:2001501,18900,12400,11700,13400,6.25,2.0,500,0.0658,800,3600,19.18,15.0,True,True
id:900203:2001502,19600,11700,11000,12600,7.57,2.0,700,0.0316,400,5000,25.28,15.0,True,True
vn:100601:1001600,30000,21700,20400,23400,9.18,2.0,1400,0.0799,1700,1800,6.04,15.0,True,True
vn:100602:1001601,31100,19400,18200,21000,5.02,2.0,1300,0.0655,1300,6900,22.33,15.0,True,True
vn:100603:1001602,64400,38000,35700,41000,9.69,2.0,3800,0.0627,2400,12700,19.7,15.0,True,True
vn:100601:1001700,30500,17900,16800,19300,6.88,2.0,1200,0.0191,300,8300,27.38,15.0,True,True
vn:100602:1001701,63100,45300,42600,48900,7.36,2.0,2900,0.0509,2300,6700,10.6,15.0,True,True
vn:100603:1001702,130700,89000,83700,96100,5.92,2.0,7300,0.0378,3400,20700,15.83,15.0,True,True
id:900701:2001800,36500,22100,20800,23900,6.76,2.0,1400,0.0741,1600,8200,22.37,15.0,True,True
id:900702:2001801,75600,54100,50900,58400,6.76,2.0,2400,0.0626,3400,9100,12.02,15.0,True,True
id:900703:2001802,19600,13600,12800,14700,5.38,2.0,1200,0.0333,500,2900,14.8,15.0,True,True
vn:100501:1001900,189100,130100,122300,140500,4.95,2.0,10600,0.0621,8100,27200,14.37,15.0,True,True
vn:100502:1001901,49000,31100,29200,33600,7.18,2.0,2500,0.0276,900,10000,20.5,15.0,True,True
vn:100503:1001902,50700,29500,27700,31900,8.55,2.0,2200,0.0298,900,12800,25.19,15.0,True,True
vn:100601:1002000,31000,18400,17300,19900,5.31,2.0,1100,0.0685,1300,8000,25.72,15.0,True,True
vn:100602:1002001,32100,23000,21600,24800,4.6,2.0,1300,0.0404,900,4800,14.8,15.0,True,True
vn:100603:1002002,66500,41000,38500,44300,6.25,2.0,2700,0.0634,2600,14700,22.13,15.0,True,True
id:900201:2002100,22300,16200,15200,17500,8.17,2.0,900,0.0377,600,2300,10.41,15.0,True,True
id:900202:2002101,46200,27200,25600,29400,6.8,2.0,2100,0.0363,1000,11800,25.64,15.0,True,True
id:900203:2002102,95600,59600,56000,64400,9.05,2.0,4900,0.0308,1800,18700,19.56,15.0,True,True
vn:100301:1002200,48600,33100,31100,35700,9.66,2.0,2900,0.0333,1100,5800,12.0,15.0,True,True
vn:100302:1002201,100700,65800,61900,71100,8.75,2.0,3200,0.0336,2200,18700,18.53,15.0,True,True
vn:100303:1002202,26100,17400,16400,18800,4.99,2.0,900,0.0513,900,5100,19.48,15.0,True,True
vn:100401:1002300,140400,90200,84800,97400,4.43,2.0,8100,0.0186,1700,31400,22.36,15.0,True,True
vn:100402:1002301,36400,25400,23900,27400,5.88,2.0,2100,0.0354,900,5100,14.1,15.0,True,True
vn:100403:1002302,37700,22600,21200,24400,9.98,2.0,1800,0.0359,800,8000,21.15,15.0,True,True
vn:100401:1002400,29000,20300,19100,21900,5.96,2.0,1700,0.0417,800,3800,13.26,15.0,True,True
vn:100402:1002401,30100,20900,19600,22600,5.03,2.0,800,0.0572,1200,5100,16.91,15.0,True,True
vn:100403:1002402,62300,36500,34300,39400,7.73,2.0,1900,0.0573,2100,15700,25.28,15.0,True,True
vn:100501:1002500,27500,18600,17500,20100,5.45,2.0,800,0.0358,700,5400,19.58,15.0,True,True
vn:100502:1002501,57100,40400,38000,43600,9.1,2.0,2700,0.0153,600,7000,12.34,15.0,True,True
vn:100503:1002502,118200,71300,67000,77000,4.4,2.0,6600,0.0258,1800,30900,26.14,15.0,True,True
vn:100501:1002600,66100,47300,44500,51100,6.56,2.0,1800,0.0288,1400,10000,15.1,15.0,True,True
vn:100502:1002601,137000,94600,88900,102200,4.35,2.0,7300,0.0769,7300,19100,13.96,15.0,True,True
vn:100503:1002602,35500,20900,19600,22600,9.4,2.0,1200,0.038,800,8600,24.11,15.0,True,True
vn:100601:1002700,114900,76900,72300,83100,5.11,2.0,4900,0.071,5500,19500,16.95,15.0,True,True
vn:100602:1002701,29800,17700,16600,19100,6.31,2.0,1400,0.0733,1300,6900,23.24,15.0,True,True
vn:100603:1002702,30800,21600,20300,23300,9.97,2.0,1400,0.0458,1000,3100,10.14,15.0,True,True
vn:100601:1002800,36600,22800,21400,24600,9.88,2.0,1400,0.02,500,7600,20.75,15.0,True,True
vn:100602:1002801,37900,25600,24100,27600,6.48,2.0,2100,0.0634,1600,5400,14.15,15.0,True,True
vn:100603:1002802,78500,54300,51000,58600,6.8,2.0,3100,0.0672,3600,10500,13.43,15.0,True,True
vn:100601:1002900,21600,12700,11900,13700,6.4,2.0,1100,0.0268,300,5600,26.14,15.0,True,True
vn:100602:1002901,44800,32200,30300,34800,9.31,2.0,2000,0.0276,900,4600,10.37,15.0,True,True
vn:100603:1002902,92700,67500,63400,72900,8.23,2.0,3200,0.0545,3700,8800,9.53,15.0,True,True
vn:100001:1003000,99500,63200,59400,68300,9.43,2.0,5000,0.062,3900,16000,16.09,15.0,True,True
vn:100002:1003001,206200,133300,125300,144000,8.29,2.0,8100,0.0214,2900,40700,19.75,15.0,True,True
vn:100003:1003002,53400,36200,34000,39100,8.97,2.0,2400,0.027,1000,8000,14.92,15.0,True,True
id:900201:2003100,62200,41100,38600,44400,6.53,2.0,1800,0.055,2300,11700,18.86,15.0,True,True
id:900202:2003101,16100,9500,8900,10300,8.31,2.0,1000,0.0261,200,3700,22.93,15.0,True,True
id:900203:2003102,16700,11200,10500,12100,5.5,2.0,700,0.0199,200,3300,19.91,15.0,True,True
id:900201:2003200,22300,13500,12700,14600,4.14,2.0,1300,0.0367,500,5600,25.27,15.0,True,True
id:900202:2003201,23100,15000,14100,16200,6.88,2.0,1200,0.0677,1000,3800,16.59,15.0,True,True
id:900203:2003202,47800,33900,31900,36600,9.66,2.0,2700,0.0466,1600,4000,8.47,15.0,True,True
vn:100401:1003300,41200,27900,26200,30100,9.82,2.0,1500,0.0201,600,6400,15.46,15.0,True,True
vn:100402:1003301,85400,58600,55100,63300,7.8,2.0,4700,0.0682,4000,9700,11.4,15.0,True,True
vn:100403:1003302,176700,106600,100200,115100,6.1,2.0,5700,0.0111,1200,48900,27.68,15.0,True,True
vn:100601:1003400,48200,33800,31800,36500,7.92,2.0,2300,0.066,2200,5100,10.56,15.0,True,True
vn:100602:1003401,99900,71700,67400,77400,9.04,2.0,5400,0.0745,5300,6400,6.44,15.0,True,True
vn:100603:1003402,25900,16500,15500,17800,8.66,2.0,1100,0.0133,200,5300,20.54,15.0,True,True
vn:100301:1003500,116800,76500,71900,82600,9.42,2.0,5200,0.0297,2300,19500,16.69,15.0,True,True
vn:100302:1003501,30300,17700,16600,19100,9.96,2.0,1600,0.0768,1400,6000,19.86,15.0,True,True
vn:100303:1003502,31300,18800,17700,20300,4.07,2.0,1000,0.079,1500,8100,25.93,15.0,True,True
vn:100601:1003600,28300,19000,17900,20500,8.28,2.0,1500,0.0617,1200,3700,13.14,15.0,True,True
vn:100602:1003601,29300,19400,18200,21000,6.43,2.0,900,0.0611,1200,5300,18.24,15.0,True,True
vn:100603:1003602,60700,42000,39500,45400,5.95,2.0,3000,0.0591,2500,8400,13.83,15.0,True,True
id:900101:2003700,18200,12700,11900,13700,5.89,2.0,800,0.0282,400,2900,15.97,15.0,True,True
id:900102:2003701,37800,24800,23300,26800,9.19,2.0,1800,0.0481,1200,5800,15.28,15.0,True,True
id:900103:2003702,78300,50500,47500,54500,8.24,2.0,3800,0.0403,2000,13900,17.81,15.0,True,True
id:900101:2003800,44500,27600,25900,29800,9.22,2.0,1300,0.0199,500,10100,22.6,15.0,True,True
id:900102:2003801,92300,60300,56700,65100,4.18,2.0,2900,0.0606,3700,19700,21.39,15.0,True,True
id:900103:2003802,23900,15800,14900,17100,5.61,2.0,1100,0.0342,500,4600,19.42,15.0,True,True
vn:100501:1003900,227900,141100,132600,152400,6.29,2.0,13400,0.0582,8200,46300,20.31,15.0,True,True
vn:100502:1003901,59100,40700,38300,44000,5.98,2.0,2300,0.0267,1100,10300,17.42,15.0,True,True
vn:100503:1003902,61100,39700,37300,42900,7.42,2.0,3000,0.017,700,12000,19.59,15.0,True,True
vn:100601:1004000,44000,26300,24700,28400,4.41,2.0,1900,0.0581,1500,11500,26.03,15.0,True,True
vn:100602:1004001,45600,28200,26500,30500,5.89,2.0,1700,0.073,2100,10000,22.03,15.0,True,True
vn:100603:1004002,94300,67200,63200,72600,5.57,2.0,5200,0.0296,2000,12800,13.54,15.0,True,True
id:900701:2004100,18200,10800,10200,11700,8.96,2.0,1100,0.0113,100,4200,22.98,15.0,True,True
id:900702:2004101,37800,24000,22600,25900,5.37,2.0,1300,0.033,800,8900,23.6,15.0,True,True
id:900703:2004102,78300,50900,47800,55000,6.97,2.0,3100,0.0532,2700,14600,18.61,15.0,True,True
id:900201:2004200,27600,18300,17200,19800,4.37,2.0,900,0.048,900,5800,20.88,15.0,True,True
id:900202:2004201,57200,33700,31700,36400,6.49,2.0,2200,0.045,1500,14900,26.1,15.0,True,True
id:900203:2004202,14800,9000,8500,9700,7.18,2.0,600,0.0791,700,3100,21.14,15.0,True,True
vn:100501:1004300,217600,156200,146800,168700,8.33,2.0,11000,0.0702,11000,17000,7.79,15.0,True,True
vn:100502:1004301,56400,37800,35500,40800,5.76,2.0,1800,0.0777,2900,9500,16.82,15.0,True,True
vn:100503:1004302,58400,40200,37800,43400,9.2,2.0,1500,0.0779,3100,7000,12.03,15.0,True,True
id:900701:2004400,22300,14300,13400,15400,7.07,2.0,800,0.0315,500,4700,21.2,15.0,True,True
id:900702:2004401,23100,14800,13900,16000,5.49,2.0,1000,0.0645,1000,4600,19.98,15.0,True,True
id:900703:2004402,47800,34200,32100,36900,6.41,2.0,2000,0.0694,2400,5200,10.89,15.0,True,True
vn:100401:1004500,42000,27000,25400,29200,8.02,2.0,1400,0.0124,300,9100,21.56,15.0,True,True
vn:100402:1004501,87200,52700,49500,56900,6.29,2.0,3500,0.0233,1200,22500,25.85,15.0,True,True
vn:100403:1004502,180500,124700,117200,134700,7.85,2.0,7300,0.0379,4700,26000,14.4,15.0,True,True
vn:100601:1004600,55800,35600,33500,38400,8.06,2.0,2000,0.0716,2500,10000,17.99,15.0,True,True
vn:100602:1004601,115700,71100,66800,76800,7.63,2.0,6500,0.0739,5300,21700,18.76,15.0,True,True
vn:100603:1004602,29900,19000,17900,20500,9.87,2.0,1300,0.0594,1100,4900,16.46,15.0,True,True
vn:100601:1004700,108000,77900,73200,84100,7.27,2.0,2800,0.0474,3700,13600,12.59,15.0,True,True
vn:100602:1004701,28000,19700,18500,21300,5.06,2.0,1300,0.0361,700,4300,15.4,15.0,True,True
vn:100603:1004702,29000,19400,18200,21000,5.18,2.0,1300,0.0364,700,5500,19.01,15.0,True,True
vn:100001:1004800,41400,25100,23600,27100,8.84,2.0,2100,0.0109,300,9400,22.8,15.0,True,True
vn:100002:1004801,42900,25700,24200,27800,4.95,2.0,1300,0.0722,1900,11100,25.79,15.0,True,True
vn:100003:1004802,88800,57400,54000,62000,7.24,2.0,3400,0.0505,2900,16900,19.03,15.0,True,True
vn:100301:1004900,42200,30000,28200,32400,8.61,2.0,2400,0.0561,1700,3600,8.62,15.0,True,True
vn:100302:1004901,87600,59100,55600,63800,7.74,2.0,4100,0.0161,1000,14900,17.03,15.0,True,True
vn:100303:1004902,181300,127900,120200,138100,9.84,2.0,5600,0.0434,5600,20800,11.46,15.0,True,True
vn:100601:1005000,53600,37200,35000,40200,7.37,2.0,3100,0.0143,500,7700,14.45,15.0,True,True
vn:100602:1005001,111000,80500,75700,86900,7.02,2.0,6300,0.0206,1700,12500,11.29,15.0,True,True
vn:100603:1005002,28700,19900,18700,21500,4.82,2.0,1100,0.0476,900,4800,16.71,15.0,True,True
id:900201:2005100,62200,38700,36400,41800,7.09,2.0,2100,0.0707,2700,13000,20.92,15.0,True,True
id:900202:2005101,16100,10400,9800,11200,5.88,2.0,600,0.026,300,3600,22.12,15.0,True,True
id:900203:2005102,16700,11100,10400,12000,8.43,2.0,700,0.0352,400,2800,16.57,15.0,True,True
id:900101:2005200,22300,16000,15000,17300,4.27,2.0,800,0.0659,1100,3000,13.67,15.0,True,True
id:900102:2005201,23100,16500,15500,17800,4.91,2.0,700,0.0741,1200,3100,13.34,15.0,True,True
id:900103:2005202,47800,30500,28700,32900,5.89,2.0,2500,0.0691,2100,8900,18.66,15.0,True,True
id:900101:2005300,25000,15700,14800,17000,7.37,2.0,1100,0.0655,1000,4800,19.32,15.0,True,True
id:900102:2005301,51700,34100,32100,36800,7.81,2.0,2300,0.0524,1800,8400,16.33,15.0,True,True
id:900103:2005302,107100,72400,68100,78200,7.11,2.0,5200,0.0547,4000,15800,14.74,15.0,True,True
vn:100001:1005400,102900,71400,67100,77100,5.36,2.0,4800,0.0124,900,18200,17.73,15.0,True,True
vn:100002:1005401,213300,146700,137900,158400,4.18,2.0,6100,0.0762,11200,36100,16.94,15.0,True,True
vn:100003:1005402,55200,38000,35700,41000,6.0,2.0,1700,0.0519,2000,9100,16.51,15.0,True,True
vn:100601:1005500,101100,73200,68800,79100,5.51,2.0,4700,0.0301,2200,13400,13.26,15.0,True,True
vn:100602:1005501,26200,16600,15600,17900,7.59,2.0,1300,0.0609,1000,4800,18.23,15.0,True,True
vn:100603:1005502,27100,17200,16200,18600,9.19,2.0,1500,0.0196,300,5000,18.56,15.0,True,True
id:900201:2005600,22300,13400,12600,14500,5.61,2.0,900,0.0517,700,5600,25.16,15.0,True,True
id:900202:2005601,23100,14300,13400,15400,8.4,2.0,1000,0.0518,700,4700,20.16,15.0,True,True
id:900203:2005602,47800,30800,29000,33300,8.72,2.0,2000,0.0673,2100,7800,16.32,15.0,True,True
vn:100001:1005700,44500,26800,25200,28900,4.2,2.0,1500,0.0789,2100,11300,25.45,15.0,True,True
vn:100002:1005701,92300,61500,57800,66400,7.41,2.0,3200,0.0639,3900,15000,16.23,15.0,True,True
vn:100003:1005702,191200,131700,123800,142200,9.45,2.0,6500,0.068,9000,22200,11.59,15.0,True,True
id:900101:2005800,36500,26300,24700,28400,9.89,2.0,1400,0.0123,300,4100,11.33,15.0,True,True
id:900102:2005801,75600,54700,51400,59100,6.46,2.0,4400,0.0705,3900,6200,8.26,15.0,True,True
id:900103:2005802,19600,13200,12400,14300,5.07,2.0,900,0.0568,700,3400,17.17,15.0,True,True
vn:100301:1005900,123700,72700,68300,78500,4.68,2.0,6100,0.0225,1600,35000,28.3,15.0,True,True
vn:100302:1005901,32100,22200,20900,24000,7.88,2.0,1300,0.0581,1300,4100,12.89,15.0,True,True
vn:100303:1005902,33200,19500,18300,21100,5.68,2.0,1600,0.0785,1500,8000,24.16,15.0,True,True
id:900101:2006000,25000,15500,14600,16700,9.86,2.0,1200,0.0408,600,4700,18.81,15.0,True,True
id:900102:2006001,25900,15400,14500,16600,9.08,2.0,800,0.0585,900,5900,22.89,15.0,True,True
id:900103:2006002,53600,37700,35400,40700,9.62,2.0,3200,0.0443,1700,4800,8.96,15.0,True,True
vn:100301:1006100,40300,23800,22400,25700,5.08,2.0,1400,0.0535,1300,11000,27.23,15.0,True,True
vn:100302:1006101,83600,57500,54000,62100,7.33,2.0,2300,0.0226,1300,14700,17.58,15.0,True,True
vn:100303:1006102,173100,124600,117100,134600,9.6,2.0,4500,0.0491,6100,17800,10.28,15.0,True,True
vn:100601:1006200,62600,38800,36500,41900,5.57,2.0,1600,0.0505,2000,15500,24.76,15.0,True,True
vn:100602:1006201,129800,83800,78800,90500,4.22,2.0,7600,0.0371,3100,27200,20.97,15.0,True,True
vn:100603:1006202,33600,21600,20300,23300,5.85,2.0,1500,0.0525,1100,6700,20.02,15.0,True,True
vn:100501:1006300,127400,75500,71000,81500,9.21,2.0,3300,0.0534,4000,30300,23.77,15.0,True,True
vn:100502:1006301,33000,23000,21600,24800,4.09,2.0,1500,0.0298,700,5800,17.59,15.0,True,True
vn:100503:1006302,34200,23500,22100,25400,9.73,2.0,1600,0.0372,900,4200,12.32,15.0,True,True
vn:100601:1006400,39200,25500,24000,27500,7.94,2.0,1500,0.0384,1000,7300,18.68,15.0,True,True
vn:100602:1006401,40600,24700,23200,26700,8.81,2.0,2000,0.0401,1000,8500,20.99,15.0,True,True
vn:100603:1006402,84000,50000,47000,54000,4.13,2.0,4000,0.0233,1200,23700,28.2,15.0,True,True
vn:100601:1006500,34300,23900,22500,25800,8.05,2.0,1400,0.0252,600,5000,14.43,15.0,True,True
vn:100602:1006501,71100,42700,40100,46100,5.76,2.0,2500,0.0681,2900,17500,24.58,15.0,True,True
vn:100603:1006502,147300,95300,89600,102900,8.94,2.0,3900,0.0207,2000,30000,20.38,15.0,True,True
id:900201:2006600,36500,24800,23300,26800,4.02,2.0,1800,0.0632,1600,6100,16.81,15.0,True,True
id:900202:2006601,75600,53100,49900,57300,6.09,2.0,3500,0.0721,3800,9100,11.98,15.0,True,True
id:900203:2006602,19600,13700,12900,14800,6.42,2.0,500,0.0315,400,3300,16.93,15.0,True,True
vn:100601:1006700,129000,86600,81400,93500,7.88,2.0,5500,0.0278,2400,21700,16.86,15.0,True,True
vn:100602:1006701,33400,21900,20600,23700,6.86,2.0,1800,0.0144,300,6400,19.24,15.0,True,True
vn:100603:1006702,34600,24100,22700,26000,4.07,2.0,2000,0.0556,1300,5100,14.62,15.0,True,True
id:900101:2006800,25000,18200,17100,19700,6.03,2.0,900,0.0535,1000,2900,11.68,15.0,True,True
id:900102:2006801,25900,16900,15900,18300,5.19,2.0,1100,0.0399,700,5400,20.71,15.0,True,True
id:900103:2006802,53600,34200,32100,36900,9.31,2.0,1600,0.0505,1700,10000,18.68,15.0,True,True
id:900701:2006900,22300,14100,13300,15200,4.8,2.0,1200,0.0421,600,4900,21.93,15.0,True,True
id:900702:2006901,46200,31000,29100,33500,7.3,2.0,1900,0.0115,400,8600,18.72,15.0,True,True
id:900703:2006902,95600,64100,60300,69200,8.4,2.0,5200,0.0606,3900,12500,13.05,15.0,True,True
vn:100301:1007000,61900,37200,35000,40200,7.34,2.0,2900,0.0112,400,15600,25.21,15.0,True,True
vn:100302:1007001,128200,83500,78500,90200,7.93,2.0,7500,0.0478,4000,20500,15.97,15.0,True,True
vn:100303:1007002,33200,20100,18900,21700,7.41,2.0,1200,0.0234,500,8300,25.02,15.0,True,True
vn:100601:1007100,142800,96000,90200,103700,7.36,2.0,4000,0.0174,1700,27800,19.44,15.0,True,True
vn:100602:1007101,37000,21900,20600,23700,7.63,2.0,1500,0.0366,800,9200,24.96,15.0,True,True
vn:100603:1007102,38300,24700,23200,26700,6.77,2.0,1900,0.0355,900,7500,19.49,15.0,True,True
id:900201:2007200,18200,11300,10600,12200,6.56,2.0,600,0.0725,800,3900,21.55,15.0,True,True
id:900202:2007201,18900,11100,10400,12000,6.11,2.0,1100,0.0576,600,4500,23.96,15.0,True,True
id:900203:2007202,39100,23500,22100,25400,6.05,2.0,1100,0.0217,500,10800,27.73,15.0,True,True
id:900201:2007300,18200,12900,12100,13900,6.52,2.0,900,0.0416,500,2300,12.71,15.0,True,True
id:900202:2007301,37800,22600,21200,24400,8.72,2.0,1600,0.042,900,8600,22.75,15.0,True,True
id:900203:2007302,78300,54000,50800,58300,8.08,2.0,3100,0.0524,2800,10500,13.38,15.0,True,True
vn:100301:1007400,89700,63200,59400,68300,6.6,2.0,4000,0.046,2900,11900,13.24,15.0,True,True
vn:100302:1007401,185900,130300,122500,140700,7.17,2.0,9500,0.0533,6900,22100,11.89,15.0,True,True
vn:100303:1007402,48100,29300,27500,31600,7.54,2.0,1700,0.0633,1900,10700,22.16,15.0,True,True
vn:100401:1007500,168100,111100,104400,120000,8.79,2.0,8000,0.0527,5900,25000,14.88,15.0,True,True
vn:100402:1007501,43600,28800,27100,31100,5.74,2.0,2500,0.0166,500,8400,19.37,15.0,True,True
vn:100403:1007502,45100,32800,30800,35400,6.76,2.0,1200,0.0572,1900,5300,11.69,15.0,True,True
vn:100601:1007600,37300,23900,22500,25800,9.1,2.0,2000,0.0131,300,6900,18.62,15.0,True,True
vn:100602:1007601,38600,27300,25700,29500,4.85,2.0,1100,0.0256,700,6900,17.76,15.0,True,True
vn:100603:1007602,79900,49100,46200,53000,8.71,2.0,4500,0.0182,900,16800,21.09,15.0,True,True
id:900201:2007700,15600,10800,10200,11700,8.15,2.0,600,0.0682,700,1900,12.05,15.0,True,True
id:900202:2007701,32200,19900,18700,21500,8.67,2.0,1000,0.0317,600,7200,22.46,15.0,True,True
id:900203:2007702,66700,48700,45800,52600,8.03,2.0,2500,0.0711,3500,5300,8.02,15.0,True,True
vn:100601:1007800,50500,35200,33100,38000,7.65,2.0,2200,0.0222,800,7400,14.74,15.0,True,True
vn:100602:1007801,104800,67500,63400,72900,7.05,2.0,3300,0.0457,3100,21400,20.45,15.0,True,True
vn:100603:1007802,27100,17900,16800,19300,9.92,2.0,1000,0.0144,300,4700,17.39,15.0,True,True
vn:100601:1007900,132500,95900,90100,103600,7.97,2.0,4800,0.0585,5600,13000,9.8,15.0,True,True
vn:100602:1007901,34300,21300,20000,23000,9.4,2.0,1900,0.0287,600,6600,19.18,15.0,True,True
vn:100603:1007902,35500,22900,21500,24700,6.8,2.0,1300,0.024,500,7600,21.48,15.0,True,True
vn:100601:1008000,25800,18100,17000,19500,9.81,2.0,1300,0.0117,200,3100,12.18,15.0,True,True
vn:100602:1008001,26800,18300,17200,19800,7.68,2.0,1200,0.0377,700,4000,14.98,15.0,True,True
vn:100603:1008002,55400,39800,37400,43000,9.38,2.0,2700,0.0459,1800,4800,8.61,15.0,True,True
id:900701:2008100,22300,15900,14900,17200,8.55,2.0,600,0.0444,700,2700,12.29,15.0,True,True
id:900702:2008101,46200,27400,25800,29600,8.43,2.0,2500,0.0788,2200,9300,20.18,15.0,True,True
id:900703:2008102,95600,63100,59300,68100,4.32,2.0,5000,0.0793,5000,16500,17.21,15.0,True,True
vn:100601:1008200,78000,56900,53500,61500,4.01,2.0,3000,0.0295,1700,11700,15.04,15.0,True,True
vn:100602:1008201,161600,103100,96900,111300,4.91,2.0,5800,0.0614,6300,35200,21.78,15.0,True,True
vn:100603:1008202,41800,27500,25800,29700,7.98,2.0,2500,0.0693,1900,5700,13.69,15.0,True,True
vn:100601:1008300,121800,74000,69600,79900,8.72,2.0,7000,0.0505,3700,24000,19.71,15.0,True,True
vn:100602:1008301,31600,21100,19800,22800,6.65,2.0,1400,0.0496,1000,5300,16.84,15.0,True,True
vn:100603:1008302,32700,20500,19300,22100,7.35,2.0,900,0.0265,500,7700,23.55,15.0,True,True
id:900201:2008400,15600,10500,9900,11300,5.8,2.0,500,0.035,400,3000,19.33,15.0,True,True
id:900202:2008401,16100,9700,9100,10500,5.42,2.0,800,0.0753,700,3700,22.83,15.0,True,True
id:900203:2008402,33400,23000,21600,24800,6.24,2.0,1500,0.0128,300,5900,17.53,15.0,True,True
id:900701:2008500,15600,11200,10500,12100,5.11,2.0,700,0.0604,700,1900,12.27,15.0,True,True
id:900702:2008501,32200,21600,20300,23300,8.11,2.0,1200,0.0651,1400,4700,14.72,15.0,True,True
id:900703:2008502,66700,46300,43500,50000,5.54,2.0,2600,0.0287,1300,11400,17.15,15.0,True,True
id:900701:2008600,36500,26100,24500,28200,6.76,2.0,2000,0.0747,1900,3300,8.91,15.0,True,True
id:900702:2008601,75600,54000,50800,58300,9.2,2.0,3900,0.0751,4100,5200,6.85,15.0,True,True
id:900703:2008602,19600,12700,11900,13700,9.23,2.0,500,0.0264,300,3900,19.71,15.0,True,True
vn:100401:1008700,143800,90500,85100,97700,4.04,2.0,4300,0.0172,1600,38800,26.95,15.0,True,True
vn:100402:1008701,37300,23500,22100,25400,9.68,2.0,1300,0.0533,1300,6900,18.47,15.0,True,True
vn:100403:1008702,38600,22400,21100,24200,8.27,2.0,2000,0.056,1300,9000,23.27,15.0,True,True
id:900701:2008800,15600,9900,9300,10700,4.54,2.0,700,0.0731,700,3300,20.87,15.0,True,True
id:900702:2008801,16100,9900,9300,10700,9.81,2.0,500,0.0686,700,3100,19.38,15.0,True,True
id:900703:2008802,33400,20900,19600,22600,9.04,2.0,1600,0.0539,1100,6100,18.22,15.0,True,True
vn:100601:1008900,37100,25500,24000,27500,5.48,2.0,2200,0.0511,1300,5300,14.34,15.0,True,True
vn:100602:1008901,76800,51100,48000,55200,4.06,2.0,3600,0.047,2400,15000,19.59,15.0,True,True
vn:100603:1008902,159100,97300,91500,105100,8.17,2.0,8700,0.0394,3800,33100,20.8,15.0,True,True
vn:100001:1009000,59700,35700,33600,38600,9.36,2.0,1900,0.03,1100,14200,23.86,15.0,True,True
vn:100002:1009001,123800,89300,83900,96400,4.91,2.0,5700,0.0665,5900,14300,11.56,15.0,True,True
vn:100003:1009002,32000,20000,18800,21600,4.63,2.0,1100,0.0482,1000,7800,24.42,15.0,True,True
vn:100601:1009100,108000,75500,71000,81500,7.88,2.0,3200,0.0745,5600,13000,12.04,15.0,True,True
vn:100602:1009101,28000,16900,15900,18300,8.24,2.0,700,0.0783,1300,6200,22.18,15.0,True,True
vn:100603:1009102,29000,18200,17100,19700,9.8,2.0,1100,0.0501,900,5400,18.5,15.0,True,True
id:900201:2009200,13800,9000,8500,9700,5.55,2.0,400,0.0567,500,2800,20.64,15.0,True,True
id:900202:2009201,14300,9700,9100,10500,8.08,2.0,500,0.0417,400,2300,15.76,15.0,True,True
id:900203:2009202,29600,18100,17000,19500,4.24,2.0,1300,0.0626,1100,7200,24.39,15.0,True,True
vn:100301:1009300,39500,27300,25700,29500,6.06,2.0,2400,0.0462,1300,5400,13.56,15.0,True,True
vn:100302:1009301,81800,50200,47200,54200,9.27,2.0,2300,0.0218,1100,19000,23.21,15.0,True,True
vn:100303:1009302,169400,111700,105000,120600,4.77,2.0,5200,0.0703,7900,33200,19.59,15.0,True,True
vn:100601:1009400,73200,48800,45900,52700,5.31,2.0,1900,0.046,2200,14900,20.36,15.0,True,True
vn:100602:1009401,151600,110600,104000,119400,8.36,2.0,6400,0.0127,1400,17500,11.54,15.0,True,True
vn:100603:1009402,39200,23500,22100,25400,6.74,2.0,2200,0.0263,600,9500,24.12,15.0,True,True
vn:100601:1009500,117100,79800,75000,86200,4.92,2.0,4900,0.0471,3800,20500,17.54,15.0,True,True
vn:100602:1009501,30300,17800,16700,19200,4.18,2.0,1300,0.0504,900,8400,27.82,15.0,True,True
vn:100603:1009502,31400,18800,17700,20300,9.0,2.0,1700,0.0297,600,6900,21.94,15.0,True,True
vn:100601:1009600,43100,31000,29100,33500,4.1,2.0,1400,0.0471,1500,6600,15.34,15.0,True,True
vn:100602:1009601,44700,30000,28200,32400,6.38,2.0,1700,0.0346,1000,8200,18.38,15.0,True,True
vn:100603:1009602,92500,55700,52400,60200,6.04,2.0,2600,0.071,4000,22800,24.66,15.0,True,True
vn:100601:1009700,45700,31600,29700,34100,6.68,2.0,1700,0.0715,2300,6200,13.51,15.0,True,True
vn:100602:1009701,94700,61800,58100,66700,7.93,2.0,3500,0.0149,900,19100,20.14,15.0,True,True
vn:100603:1009702,196100,141500,133000,152800,5.64,2.0,6100,0.077,10900,22600,11.54,15.0,True,True
vn:100601:1009800,89700,65000,61100,70200,7.4,2.0,3200,0.0779,5100,8000,8.92,15.0,True,True
vn:100602:1009801,185900,134600,126500,145400,9.92,2.0,7400,0.0769,10400,11400,6.13,15.0,True,True
vn:100603:1009802,48100,31800,29900,34300,9.45,2.0,1500,0.0557,1800,7500,15.64,15.0,True,True
vn:100601:1009900,114500,68100,64000,73500,6.28,2.0,2900,0.0727,5000,29100,25.39,15.0,True,True
vn:100602:1009901,29700,19300,18100,20800,7.64,2.0,800,0.0787,1500,5200,17.57,15.0,True,True
vn:100603:1009902,30700,20600,19400,22200,5.21,2.0,900,0.0217,400,6500,21.3,15.0,True,True
id:900201:2010000,18200,12800,12000,13800,9.98,2.0,800,0.0755,1000,1500,7.98,15.0,True,True
id:900202:2010001,18900,11300,10600,12200,4.59,2.0,1100,0.0324,400,4900,25.86,15.0,True,True
id:900203:2010002,39100,24500,23000,26500,7.23,2.0,1300,0.0339,800,8900,22.66,15.0,True,True
vn:100001:1010100,39600,26200,24600,28300,7.14,2.0,1300,0.0348,900,7600,19.11,15.0,True,True
vn:100002:1010101,82200,52400,49300,56600,5.07,2.0,2200,0.023,1200,20600,25.04,15.0,True,True
vn:100003:1010102,170200,113700,106900,122800,8.61,2.0,9100,0.0131,1500,27900,16.36,15.0,True,True
vn:100601:1010200,36300,24700,23200,26700,9.14,2.0,1900,0.0558,1400,4300,11.78,15.0,True,True
vn:100602:1010201,75300,53100,49900,57300,6.75,2.0,3700,0.0672,3600,8300,11.08,15.0,True,True
vn:100603:1010202,19500,11600,10900,12500,9.58,2.0,500,0.0601,700,4400,22.79,15.0,True,True
id:900101:2010300,89100,62900,59100,67900,8.32,2.0,3600,0.0324,2000,11400,12.76,15.0,True,True
id:900102:2010301,23100,16200,15200,17500,7.58,2.0,800,0.0343,600,3300,14.42,15.0,True,True
id:900103:2010302,23900,16400,15400,17700,9.68,2.0,1200,0.0638,1000,2500,10.3,15.0,True,True
vn:100401:1010400,31600,19900,18700,21500,8.04,2.0,1700,0.0535,1100,5800,18.24,15.0,True,True
vn:100402:1010401,32800,19300,18100,20800,4.86,2.0,1500,0.0164,300,9400,28.76,15.0,True,True
vn:100403:1010402,67900,44500,41800,48100,8.63,2.0,2900,0.0738,3300,10000,14.72,15.0,True,True
vn:100301:1010500,51200,34900,32800,37700,5.37,2.0,2600,0.0222,800,9200,17.87,15.0,True,True
vn:100302:1010501,106100,75100,70600,81100,5.09,2.0,5000,0.0295,2200,16300,15.33,15.0,True,True
vn:100303:1010502,219700,154800,145500,167200,6.91,2.0,10900,0.0233,3600,30800,14.03,15.0,True,True
id:900201:2010600,27600,17900,16800,19300,5.12,2.0,1600,0.0476,900,5300,19.14,15.0,True,True
id:900202:2010601,57200,40600,38200,43800,9.58,2.0,1700,0.026,1100,7200,12.62,15.0,True,True
id:900203:2010602,14800,10400,9800,11200,9.82,2.0,600,0.0566,600,1500,9.88,15.0,True,True
vn:100601:1010700,114000,72300,68000,78100,8.07,2.0,3400,0.0313,2300,24600,21.54,15.0,True,True
vn:100602:1010701,29600,18300,17200,19800,8.2,2.0,1400,0.0579,1100,5800,19.67,15.0,True,True
vn:100603:1010702,30600,20500,19300,22100,7.1,2.0,1000,0.0631,1300,5000,16.41,15.0,True,True
vn:100601:1010800,42400,25700,24200,27800,7.76,2.0,2000,0.0582,1500,9100,21.38,15.0,True,True
vn:100602:1010801,44000,28500,26800,30800,9.59,2.0,1200,0.0281,800,8400,19.09,15.0,True,True
vn:100603:1010802,91100,63700,59900,68800,8.56,2.0,3300,0.059,3800,10700,11.77,15.0,True,True
vn:100301:1010900,38400,27100,25500,29300,9.88,2.0,1500,0.0589,1600,3600,9.48,15.0,True,True
vn:100302:1010901,79600,55500,52200,59900,7.4,2.0,4700,0.0216,1200,10700,13.47,15.0,True,True
vn:100303:1010902,164800,104200,97900,112500,4.92,2.0,8200,0.0103,1100,39900,24.22,15.0,True,True
vn:100601:1011000,57200,35800,33700,38700,9.86,2.0,1500,0.0798,2900,10300,17.94,15.0,True,True
vn:100602:1011001,118600,85300,80200,92100,6.57,2.0,5200,0.0144,1200,16700,14.09,15.0,True,True
vn:100603:1011002,30700,22300,21000,24100,4.57,2.0,1300,0.0388,900,4200,13.74,15.0,True,True
vn:100501:1011100,121800,73900,69500,79800,7.31,2.0,6800,0.0789,5800,23900,19.65,15.0,True,True
vn:100502:1011101,31600,20500,19300,22100,8.03,2.0,1600,0.0296,600,5700,18.11,15.0,True,True
vn:100503:1011102,32700,21700,20400,23400,6.82,2.0,1600,0.0577,1300,5300,16.1,15.0,True,True
vn:100401:1011200,42900,28700,27000,31000,9.11,2.0,1400,0.0385,1100,6900,16.15,15.0,True,True
vn:100402:1011201,44500,31100,29200,33600,6.6,2.0,2000,0.0748,2300,5200,11.79,15.0,True,True
vn:100403:1011202,92100,65200,61300,70400,6.7,2.0,4900,0.0767,5000,9000,9.76,15.0,True,True
vn:100601:1011300,30700,19000,17900,20500,7.68,2.0,1300,0.0481,900,6500,21.22,15.0,True,True
vn:100602:1011301,63700,46300,43500,50000,7.42,2.0,2400,0.0282,1300,7700,12.08,15.0,True,True
vn:100603:1011302,131800,83800,78800,90500,6.4,2.0,3400,0.0463,3900,29600,22.5,15.0,True,True
id:900701:2011400,31100,20900,19600,22600,9.02,2.0,1500,0.0478,1000,4300,13.74,15.0,True,True
id:900702:2011401,64500,38300,36000,41400,6.76,2.0,3800,0.0577,2200,14500,22.54,15.0,True,True
id:900703:2011402,16700,11500,10800,12400,5.76,2.0,800,0.0778,900,2200,13.23,15.0,True,True
vn:100301:1011500,201300,117500,110400,126900,7.99,2.0,8400,0.0272,3200,52100,25.88,15.0,True,True
vn:100302:1011501,52200,30400,28600,32800,7.65,2.0,2600,0.0528,1600,12600,24.06,15.0,True,True
vn:100303:1011502,54000,32500,30600,35100,8.91,2.0,2900,0.0339,1100,11600,21.49,15.0,True,True
vn:100601:1011600,26800,16100,15100,17400,9.92,2.0,800,0.0159,300,6400,24.07,15.0,True,True
vn:100602:1011601,27800,18600,17500,20100,7.12,2.0,700,0.0247,500,5500,19.8,15.0,True,True
vn:100603:1011602,57500,37700,35400,40700,6.05,2.0,2200,0.0548,2100,10900,18.97,15.0,True,True
vn:100401:1011700,40300,24500,23000,26500,6.2,2.0,2200,0.0244,600,9700,24.06,15.0,True,True
vn:100402:1011701,83500,59800,56200,64600,8.28,2.0,4600,0.0364,2200,8300,9.99,15.0,True,True
vn:100403:1011702,172900,104700,98400,113100,8.41,2.0,8300,0.0353,3700,38200,22.1,15.0,True,True
id:900201:2011800,31100,21800,20500,23500,7.34,2.0,1800,0.0146,300,4300,13.75,15.0,True,True
id:900202:2011801,64500,44000,41400,47500,5.67,2.0,3100,0.0153,700,11800,18.26,15.0,True,True
id:900203:2011802,16700,11500,10800,12400,8.04,2.0,1000,0.0321,400,2200,12.9,15.0,True,True
vn:100301:1011900,150100,87800,82500,94800,9.72,2.0,6600,0.0203,1800,36300,24.2,15.0,True,True
vn:100302:1011901,38900,25800,24300,27900,5.61,2.0,2300,0.0701,1800,6000,15.5,15.0,True,True
vn:100303:1011902,40300,26900,25300,29100,7.65,2.0,2000,0.0695,1900,5600,14.0,15.0,True,True
vn:100301:1012000,46600,30600,28800,33000,5.46,2.0,1500,0.0302,900,10100,21.67,15.0,True,True
vn:100302:1012001,48300,30900,29000,33400,8.38,2.0,2500,0.0191,600,9300,19.25,15.0,True,True
vn:100303:1012002,99900,64100,60300,69200,9.47,2.0,5100,0.0368,2400,16900,16.9,15.0,True,True
vn:100601:1012100,15600,9100,8600,9800,8.15,2.0,700,0.0737,700,3500,22.73,15.0,True,True
vn:100602:1012101,32300,22600,21200,24400,8.94,2.0,1000,0.0383,900,4300,13.32,15.0,True,True
vn:100603:1012102,66800,46500,43700,50200,8.43,2.0,2000,0.0789,3700,7700,11.47,15.0,True,True
vn:100601:1012200,58000,34300,32200,37000,4.47,2.0,2100,0.0654,2200,15600,26.9,15.0,True,True
vn:100602:1012201,120200,85500,80400,92300,6.33,2.0,3400,0.0298,2500,18700,15.59,15.0,True,True
vn:100603:1012202,31100,18500,17400,20000,9.72,2.0,1700,0.0659,1200,6000,19.41,15.0,True,True
id:900201:2012300,73000,49800,46800,53800,7.89,2.0,3400,0.0251,1200,11300,15.52,15.0,True,True
id:900202:2012301,18900,12300,11600,13300,6.3,2.0,600,0.0771,900,3500,18.43,15.0,True,True
id:900203:2012302,19600,11900,11200,12900,6.38,2.0,1100,0.0222,300,4700,23.95,15.0,True,True
vn:100301:1012400,26900,19000,17900,20500,5.6,2.0,800,0.024,500,4600,17.1,15.0,True,True
vn:100302:1012401,27900,16200,15200,17500,4.89,2.0,800,0.053,900,8100,29.1,15.0,True,True
vn:100303:1012402,57700,38000,35700,41000,4.66,2.0,2200,0.0794,3000,10600,18.44,15.0,True,True
id:900101:2012500,18200,13200,12400,14300,4.15,2.0,1100,0.0727,1000,1800,10.01,15.0,True,True
id:900102:2012501,37800,22200,20900,24000,8.82,2.0,1500,0.0268,600,9400,24.91,15.0,True,True
id:900103:2012502,78300,55000,51700,59400,8.41,2.0,3000,0.0434,2400,9800,12.47,15.0,True,True
vn:100501:1012600,81500,50100,47100,54100,7.97,2.0,2600,0.0149,700,19900,24.45,15.0,True,True
vn:100502:1012601,169000,101700,95600,109800,8.49,2.0,10000,0.0634,6400,33100,19.6,15.0,True,True
vn:100503:1012602,43700,28700,27000,31000,4.89,2.0,2400,0.0775,2200,7400,16.85,15.0,True,True
vn:100501:1012700,203800,142300,133800,153700,7.55,2.0,8900,0.0483,6900,26300,12.89,15.0,True,True
vn:100502:1012701,52800,33700,31700,36400,6.65,2.0,3000,0.0672,2300,9300,17.55,15.0,True,True
vn:100503:1012702,54700,37100,34900,40100,6.09,2.0,1400,0.0418,1600,10200,18.69,15.0,True,True
vn:100601:1012800,40700,26400,24800,28500,8.62,2.0,2000,0.0484,1300,6700,16.46,15.0,True,True
vn:100602:1012801,42200,29400,27600,31800,9.71,2.0,1800,0.036,1100,5000,11.85,15.0,True,True
vn:100603:1012802,87300,55300,52000,59700,4.27,2.0,4500,0.0105,600,21400,24.57,15.0,True,True
id:900201:2012900,15600,10800,10200,11700,9.98,2.0,400,0.0367,400,2100,13.68,15.0,True,True
id:900202:2012901,32200,23100,21700,24900,8.39,2.0,1800,0.0692,1600,2400,7.32,15.0,True,True
id:900203:2012902,66700,48200,45300,52100,9.09,2.0,2400,0.0265,1300,7400,11.13,15.0,True,True
vn:100301:1013000,75100,52000,48900,56200,7.57,2.0,3000,0.0196,1000,11900,15.84,15.0,True,True
vn:100302:1013001,155600,111000,104300,119900,5.2,2.0,8400,0.0312,3500,21500,13.84,15.0,True,True
vn:100303:1013002,40300,24500,23000,26500,8.03,2.0,1700,0.0744,1800,8200,20.43,15.0,True,True
vn:100601:1013100,179400,125800,118300,135900,5.99,2.0,4700,0.0437,5500,29100,16.2,15.0,True,True
vn:100602:1013101,46500,28500,26800,30800,5.41,2.0,2200,0.0511,1500,10900,23.44,15.0,True,True
vn:100603:1013102,48100,32600,30600,35200,4.67,2.0,2500,0.0254,800,9000,18.64,15.0,True,True
vn:100601:1013200,37900,27300,25700,29500,4.41,2.0,1000,0.0151,400,6800,17.83,15.0,True,True
vn:100602:1013201,39300,23900,22500,25800,5.21,2.0,1800,0.0224,500,10200,26.03,15.0,True,True
vn:100603:1013202,81400,52400,49300,56600,8.08,2.0,2700,0.053,2800,15300,18.82,15.0,True,True
vn:100501:1013300,52700,32500,30600,35100,9.8,2.0,1700,0.0435,1400,10900,20.62,15.0,True,True
vn:100502:1013301,109200,67600,63500,73000,7.27,2.0,3600,0.0371,2500,25400,23.23,15.0,True,True
vn:100503:1013302,226000,152800,143600,165000,6.71,2.0,12100,0.0542,8300,33100,14.66,15.0,True,True
vn:100601:1013400,46700,33500,31500,36200,7.26,2.0,2400,0.0226,800,5700,12.25,15.0,True,True
vn:100602:1013401,96700,69300,65100,74800,8.19,2.0,3100,0.0251,1700,12700,13.14,15.0,True,True
vn:100603:1013402,25000,15400,14500,16600,4.17,2.0,1400,0.076,1200,5500,21.95,15.0,True,True
vn:100501:1013500,156200,93300,87700,100800,8.21,2.0,7200,0.0288,2700,37100,23.73,15.0,True,True
vn:100502:1013501,40500,28000,26300,30200,5.3,2.0,1900,0.0132,400,7300,17.96,15.0,True,True
vn:100503:1013502,41900,24400,22900,26400,6.5,2.0,2500,0.0294,700,10700,25.59,15.0,True,True
vn:100601:1013600,29600,18100,17000,19500,6.86,2.0,1000,0.0321,600,7300,24.65,15.0,True,True
vn:100602:1013601,30700,20400,19200,22000,7.8,2.0,900,0.0587,1200,5200,16.92,15.0,True,True
vn:100603:1013602,63600,40600,38200,43800,7.39,2.0,2500,0.0209,800,13700,21.51,15.0,True,True
vn:100301:1013700,28600,20600,19400,22200,6.81,2.0,1400,0.08,1600,2400,8.5,15.0,True,True
vn:100302:1013701,59300,40800,38400,44100,7.39,2.0,2400,0.0678,2800,7800,13.1,15.0,True,True
vn:100303:1013702,122800,82200,77300,88800,7.51,2.0,3100,0.0215,1800,24100,19.59,15.0,True,True
vn:100301:1013800,80700,57300,53900,61900,6.32,2.0,2800,0.0155,900,13000,16.11,15.0,True,True
vn:100302:1013801,167200,109000,102500,117700,6.01,2.0,4800,0.0777,8500,31500,18.86,15.0,True,True
vn:100303:1013802,43300,31400,29500,33900,5.64,2.0,1500,0.0443,1400,5700,13.17,15.0,True,True
vn:100601:1013900,136700,85500,80400,92300,5.55,2.0,5100,0.0225,1900,33900,24.77,15.0,True,True
vn:100602:1013901,35400,22100,20800,23900,5.28,2.0,1300,0.0682,1500,7900,22.36,15.0,True,True
vn:100603:1013902,36700,24200,22700,26100,5.25,2.0,1900,0.0121,300,7600,20.83,15.0,True,True
vn:100301:1014000,52900,35400,33300,38200,6.82,2.0,2400,0.0497,1800,8700,16.4,15.0,True,True
vn:100302:1014001,54800,39100,36800,42200,8.83,2.0,2800,0.0134,500,6400,11.75,15.0,True,True
vn:100303:1014002,113500,78900,74200,85200,6.93,2.0,4300,0.0767,6100,14100,12.43,15.0,True,True
vn:100001:1014100,35900,25300,23800,27300,5.29,2.0,1500,0.0284,700,5800,16.06,15.0,True,True
vn:100002:1014101,74400,50700,47700,54800,9.44,2.0,2100,0.0107,500,12500,16.86,15.0,True,True
vn:100003:1014102,154100,94700,89000,102300,7.89,2.0,7100,0.02,1900,35200,22.82,15.0,True,True
vn:100001:1014200,73500,53600,50400,57900,7.05,2.0,3100,0.0288,1500,8600,11.71,15.0,True,True
vn:100002:1014201,152400,99500,93500,107500,5.33,2.0,7600,0.0161,1600,32500,21.34,15.0,True,True
vn:100003:1014202,39400,24500,23000,26500,9.8,2.0,2200,0.0365,900,7200,18.16,15.0,True,True
vn:100601:1014300,114500,68200,64100,73700,4.47,2.0,6400,0.061,4200,28300,24.74,15.0,True,True
vn:100602:1014301,29700,20500,19300,22100,6.42,2.0,800,0.014,300,5600,18.9,15.0,True,True
vn:100603:1014302,30700,18600,17500,20100,6.62,2.0,1100,0.0746,1400,7000,22.69,15.0,True,True
vn:100501:1014400,41200,29600,27800,32000,9.42,2.0,1200,0.038,1100,4600,11.09,15.0,True,True
vn:100502:1014401,42700,28500,26800,30800,9.67,2.0,2000,0.0345,1000,6200,14.6,15.0,True,True
vn:100503:1014402,88500,59300,55700,64000,6.75,2.0,2500,0.0585,3500,15500,17.5,15.0,True,True
vn:100601:1014500,29900,19500,18300,21100,8.62,2.0,1100,0.0207,400,5700,19.13,15.0,True,True
vn:100602:1014501,61900,39200,36800,42300,5.41,2.0,2900,0.0304,1200,14000,22.65,15.0,True,True
vn:100603:1014502,128100,82600,77600,89200,7.71,2.0,6900,0.0134,1100,25100,19.56,15.0,True,True
vn:100601:1014600,68000,40200,37800,43400,9.68,2.0,1900,0.0679,2700,15200,22.39,15.0,True,True
vn:100602:1014601,140900,95400,89700,103000,8.57,2.0,3700,0.0473,4500,22400,15.89,15.0,True,True
vn:100603:1014602,36500,26400,24800,28500,7.34,2.0,2100,0.0557,1500,3100,8.55,15.0,True,True
vn:100001:1014700,165500,104500,98200,112900,4.23,2.0,4800,0.066,6900,39000,23.56,15.0,True,True
vn:100002:1014701,42900,31100,29200,33600,4.39,2.0,1800,0.026,800,6500,15.04,15.0,True,True
vn:100003:1014702,44400,26500,24900,28600,5.51,2.0,1700,0.0684,1800,11100,24.89,15.0,True,True
vn:100601:1014800,30500,18300,17200,19800,4.68,2.0,1500,0.0237,400,8200,26.98,15.0,True,True
vn:100602:1014801,31600,19300,18100,20800,8.6,2.0,900,0.041,800,7300,22.97,15.0,True,True
vn:100603:1014802,65400,39800,37400,43000,5.95,2.0,3900,0.0137,500,16000,24.4,15.0,True,True
id:900201:2014900,18200,12900,12100,13900,7.61,2.0,1100,0.0796,1000,1400,7.82,15.0,True,True
id:900202:2014901,37800,22900,21500,24700,8.49,2.0,1500,0.0273,600,8800,23.31,15.0,True,True
id:900203:2014902,78300,55600,52300,60000,6.21,2.0,4400,0.0204,1100,10700,13.71,15.0,True,True
vn:100601:1015000,63500,42500,40000,45900,5.21,2.0,1800,0.0427,1800,12800,20.17,15.0,True,True
vn:100602:1015001,131500,82500,77600,89100,9.25,2.0,5700,0.0647,5300,23200,17.62,15.0,True,True
vn:100603:1015002,34000,23800,22400,25700,9.66,2.0,1300,0.011,300,4700,13.75,15.0,True,True
vn:100601:1015100,128700,93800,88200,101300,4.18,2.0,4900,0.0755,7100,15000,11.63,15.0,True,True
vn:100602:1015101,33400,20600,19400,22200,7.26,2.0,2000,0.0458,900,6800,20.25,15.0,True,True
vn:100603:1015102,34500,22500,21200,24300,6.56,2.0,900,0.0555,1200,6900,19.99,15.0,True,True
id:900701:2015200,18200,10700,10100,11600,5.81,2.0,1000,0.0453,500,4600,25.24,15.0,True,True
id:900702:2015201,18900,12300,11600,13300,6.88,2.0,1100,0.0649,800,3000,16.0,15.0,True,True
id:900703:2015202,39100,24100,22700,26000,6.75,2.0,1100,0.0779,1900,8600,22.0,15.0,True,True
vn:100501:1015300,49000,34800,32700,37600,7.89,2.0,2400,0.0335,1200,5800,11.81,15.0,True,True
vn:100502:1015301,101600,65800,61900,71100,8.98,2.0,4800,0.0114,800,19100,18.79,15.0,True,True
vn:100503:1015302,210300,140900,132400,152200,8.89,2.0,12400,0.021,3000,31100,14.81,15.0,True,True
vn:100601:1015400,46500,33000,31000,35600,8.37,2.0,1700,0.0599,2000,5000,10.76,15.0,True,True
vn:100602:1015401,96300,61500,57800,66400,5.72,2.0,2700,0.0373,2300,22400,23.23,15.0,True,True
vn:100603:1015402,24900,14900,14000,16100,7.25,2.0,1300,0.0454,700,5700,22.97,15.0,True,True
id:900201:2015500,89100,63600,59800,68700,4.66,2.0,4900,0.0193,1200,13400,15.08,15.0,True,True
id:900202:2015501,23100,15700,14800,17000,8.15,2.0,800,0.0529,800,3400,14.83,15.0,True,True
id:900203:2015502,23900,14300,13400,15400,8.27,2.0,1300,0.0221,300,5500,23.14,15.0,True,True
vn:100301:1015600,26000,17000,16000,18400,4.39,2.0,1500,0.0254,400,5400,20.8,15.0,True,True
vn:100302:1015601,27000,17800,16700,19200,7.19,2.0,1000,0.062,1100,4600,17.09,15.0,True,True
vn:100303:1015602,55800,35100,33000,37900,7.91,2.0,2500,0.0691,2400,10200,18.36,15.0,True,True
vn:100401:1015700,36800,26700,25100,28800,7.05,2.0,1400,0.062,1700,3700,10.09,15.0,True,True
vn:100402:1015701,76400,52000,48900,56200,6.72,2.0,2800,0.0639,3300,11600,15.2,15.0,True,True
vn:100403:1015702,158100,105400,99100,113800,5.23,2.0,4200,0.0271,2900,34200,21.64,15.0,True,True
vn:100401:1015800,61500,38600,36300,41700,7.07,2.0,3600,0.0261,1000,12700,20.67,15.0,True,True
vn:100402:1015801,127600,76800,72200,82900,8.29,2.0,4400,0.0162,1200,32000,25.1,15.0,True,True
vn:100403:1015802,33000,22800,21400,24600,6.26,2.0,1200,0.0194,400,5800,17.67,15.0,True,True
vn:100501:1015900,117100,81800,76900,88300,8.55,2.0,6000,0.0502,4100,12800,10.96,15.0,True,True
vn:100502:1015901,30300,21200,19900,22900,5.5,2.0,800,0.022,500,5600,18.35,15.0,True,True
vn:100503:1015902,31400,22100,20800,23900,4.97,2.0,1000,0.0768,1700,4400,14.06,15.0,True,True
vn:100501:1016000,34800,21500,20200,23200,8.36,2.0,1300,0.0134,300,8100,23.29,15.0,True,True
vn:100502:1016001,36000,23400,22000,25300,8.77,2.0,1900,0.0211,500,6300,17.58,15.0,True,True
vn:100503:1016002,74600,48400,45500,52300,9.31,2.0,4200,0.0594,2900,10700,14.33,15.0,True,True
vn:100601:1016100,30500,19300,18100,20800,8.02,2.0,1600,0.0551,1100,5500,17.97,15.0,True,True
vn:100602:1016101,63100,39500,37100,42700,5.84,2.0,2200,0.0711,2800,13600,21.62,15.0,True,True
vn:100603:1016102,130700,79800,75000,86200,6.33,2.0,6400,0.0534,4300,29400,22.46,15.0,True,True
vn:100601:1016200,76600,54100,50900,58400,9.04,2.0,2000,0.0651,3500,8500,11.12,15.0,True,True
vn:100602:1016201,158800,110400,103800,119200,6.94,2.0,5300,0.0159,1800,27100,17.1,15.0,True,True
vn:100603:1016202,41100,29900,28100,32300,7.19,2.0,1300,0.0758,2300,3900,9.38,15.0,True,True
vn:100601:1016300,93400,61000,57300,65900,4.03,2.0,4400,0.0499,3000,19300,20.69,15.0,True,True
vn:100602:1016301,24200,15600,14700,16800,4.44,2.0,1300,0.0327,500,5200,21.62,15.0,True,True
vn:100603:1016302,25000,18000,16900,19400,9.15,2.0,1300,0.0207,400,2500,10.16,15.0,True,True
vn:100001:1016400,51500,37500,35200,40500,7.63,2.0,2200,0.0748,2800,4000,7.84,15.0,True,True
vn:100002:1016401,53300,36100,33900,39000,9.46,2.0,3000,0.0641,2300,5800,10.84,15.0,True,True
vn:100003:1016402,110400,78700,74000,85000,8.54,2.0,5500,0.0185,1500,13100,11.87,15.0,True,True
id:900201:2016500,15600,10400,9800,11200,8.22,2.0,400,0.0637,700,2500,16.3,15.0,True,True
id:900202:2016501,32200,22500,21200,24300,4.58,2.0,1400,0.0384,900,5300,16.51,15.0,True,True
id:900203:2016502,66700,47700,44800,51500,9.38,2.0,2500,0.07,3300,5600,8.35,15.0,True,True
id:900201:2016600,44500,28900,27200,31200,8.18,2.0,1300,0.0747,2200,7600,17.1,15.0,True,True
id:900202:2016601,92300,54700,51400,59100,7.73,2.0,3100,0.0625,3400,22100,23.94,15.0,True,True
id:900203:2016602,23900,16400,15400,17700,6.93,2.0,1000,0.0324,500,3800,16.04,15.0,True,True
vn:100401:1016700,171600,100100,94100,108100,9.92,2.0,7400,0.0412,4100,39500,23.03,15.0,True,True
vn:100402:1016701,44500,29700,27900,32100,9.34,2.0,1600,0.0422,1300,6900,15.51,15.0,True,True
vn:100403:1016702,46000,30600,28800,33000,7.82,2.0,2100,0.0353,1100,7700,16.74,15.0,True,True
vn:100601:1016800,25800,16900,15900,18300,7.15,2.0,700,0.0786,1300,4500,17.48,15.0,True,True
vn:100602:1016801,26800,15800,14900,17100,4.58,2.0,1300,0.0288,500,7500,27.92,15.0,True,True
vn:100603:1016802,55400,35300,33200,38100,8.55,2.0,2300,0.0177,600,11300,20.45,15.0,True,True
vn:100301:1016900,30900,22400,21100,24200,8.9,2.0,1500,0.0624,1400,2200,7.23,15.0,True,True
vn:100302:1016901,64100,44600,41900,48200,5.35,2.0,3700,0.0385,1700,9400,14.62,15.0,True,True
vn:100303:1016902,132700,77200,72600,83400,4.9,2.0,7100,0.0548,4200,35000,26.39,15.0,True,True
vn:100601:1017000,60000,41100,38600,44400,7.4,2.0,2300,0.0118,500,10500,17.46,15.0,True,True
vn:100602:1017001,124400,74600,70100,80600,4.33,2.0,6000,0.0578,4300,31600,25.41,15.0,True,True
vn:100603:1017002,32200,20100,18900,21700,7.67,2.0,1600,0.071,1400,6000,18.51,15.0,True,True
id:900101:2017100,73000,53300,50100,57600,9.86,2.0,2800,0.0481,2600,5700,7.78,15.0,True,True
id:900102:2017101,18900,11100,10400,12000,9.26,2.0,1000,0.035,400,4300,22.66,15.0,True,True
id:900103:2017102,19600,14000,13200,15100,9.24,2.0,600,0.0437,600,2200,11.15,15.0,True,True
id:900101:2017200,22300,15300,14400,16500,8.47,2.0,1300,0.0763,1200,2200,9.86,15.0,True,True
id:900102:2017201,23100,14000,13200,15100,6.16,2.0,900,0.0726,1000,5300,22.94,15.0,True,True
id:900103:2017202,47800,29900,28100,32300,5.27,2.0,2300,0.0742,2200,9900,20.72,15.0,True,True
vn:100501:1017300,58700,37800,35500,40800,9.96,2.0,1500,0.051,1900,10500,17.81,15.0,True,True
vn:100502:1017301,121700,84900,79800,91700,6.03,2.0,6100,0.0766,6500,14400,11.85,15.0,True,True
vn:100503:1017302,251900,182000,171100,196600,4.24,2.0,14100,0.0255,4600,35400,14.07,15.0,True,True
vn:100601:1017400,91400,65000,61100,70200,7.11,2.0,3100,0.0664,4300,10700,11.66,15.0,True,True
vn:100602:1017401,189400,133200,125200,143900,4.16,2.0,5400,0.0308,4100,35000,18.5,15.0,True,True
vn:100603:1017402,49000,31700,29800,34200,5.34,2.0,2100,0.0455,1400,10200,20.74,15.0,True,True
id:900701:2017500,73000,48600,45700,52500,8.57,2.0,2600,0.0799,3900,10200,13.97,15.0,True,True
id:900702:2017501,18900,11600,10900,12500,7.24,2.0,700,0.0595,700,4200,22.03,15.0,True,True
id:900703:2017502,19600,13800,13000,14900,7.94,2.0,1000,0.0124,200,2700,13.68,15.0,True,True
id:900201:2017600,13800,9800,9200,10600,8.46,2.0,400,0.0422,400,1700,12.63,15.0,True,True
id:900202:2017601,14300,8700,8200,9400,4.26,2.0,500,0.0356,300,3900,27.24,15.0,True,True
id:900203:2017602,29600,17900,16800,19300,7.5,2.0,1800,0.0603,1100,6000,20.3,15.0,True,True
vn:100501:1017700,46600,28800,27100,31100,9.44,2.0,1900,0.0729,2100,8500,18.17,15.0,True,True
vn:100502:1017701,96600,62300,58600,67300,6.43,2.0,2500,0.0385,2400,21300,22.01,15.0,True,True
vn:100503:1017702,200100,140400,132000,151600,5.65,2.0,7300,0.0452,6300,30700,15.37,15.0,True,True
id:900701:2017800,44500,32100,30200,34700,9.95,2.0,1700,0.037,1200,4200,9.43,15.0,True,True
id:900702:2017801,92300,64700,60800,69900,7.41,2.0,3400,0.0707,4600,10900,11.85,15.0,True,True
id:900703:2017802,23900,14100,13300,15200,9.53,2.0,1000,0.0777,1100,4900,20.71,15.0,True,True
vn:100401:1017900,175100,108500,102000,117200,9.84,2.0,8900,0.0687,7500,29500,16.86,15.0,True,True
vn:100402:1017901,45400,32600,30600,35200,6.03,2.0,1400,0.0773,2500,5200,11.53,15.0,True,True
vn:100403:1017902,47000,27400,25800,29600,7.75,2.0,1300,0.0555,1500,12200,25.95,15.0,True,True
vn:100601:1018000,29600,18100,17000,19500,4.25,2.0,1600,0.0443,800,7200,24.49,15.0,True,True
vn:100602:1018001,30700,19700,18500,21300,7.14,2.0,1700,0.0779,1500,5000,16.15,15.0,True,True
vn:100603:1018002,63600,39100,36800,42200,5.36,2.0,3700,0.0172,700,15400,24.29,15.0,True,True
vn:100601:1018100,28700,17400,16400,18800,5.78,2.0,800,0.0354,600,7700,26.66,15.0,True,True
vn:100602:1018101,59500,35100,33000,37900,7.71,2.0,2000,0.0497,1700,14900,25.01,15.0,True,True
vn:100603:1018102,123300,88100,82800,95100,7.78,2.0,4100,0.0706,6200,12800,10.4,15.0,True,True
vn:100001:1018200,86200,59900,56300,64700,8.61,2.0,2700,0.0211,1300,13200,15.3,15.0,True,True
vn:100002:1018201,178700,128600,120900,138900,8.18,2.0,6500,0.0767,9900,15500,8.7,15.0,True,True
vn:100003:1018202,46200,28400,26700,30700,8.78,2.0,1300,0.0142,400,11100,24.06,15.0,True,True
vn:100301:1018300,175900,106600,100200,115100,7.28,2.0,4500,0.0452,4800,43700,24.82,15.0,True,True
vn:100302:1018301,45600,29600,27800,32000,5.05,2.0,2100,0.0666,2000,8700,19.11,15.0,True,True
vn:100303:1018302,47200,29300,27500,31600,7.17,2.0,1500,0.0591,1700,10300,21.91,15.0,True,True
vn:100601:1018400,28500,19000,17900,20500,9.41,2.0,1400,0.0634,1200,3600,12.78,15.0,True,True
vn:100602:1018401,29600,17500,16400,18900,8.53,2.0,1200,0.064,1100,6700,22.51,15.0,True,True
vn:100603:1018402,61200,39700,37300,42900,8.53,2.0,1600,0.0233,900,12500,20.47,15.0,True,True
id:900201:2018500,15600,9500,8900,10300,5.97,2.0,500,0.0257,200,4100,26.36,15.0,True,True
id:900202:2018501,32200,21800,20500,23500,7.02,2.0,1000,0.0413,900,5600,17.38,15.0,True,True
id:900203:2018502,66700,42000,39500,45400,6.57,2.0,1900,0.0647,2700,14400,21.54,15.0,True,True
id:900101:2018600,44500,27100,25500,29300,9.53,2.0,1300,0.0554,1500,9500,21.28,15.0,True,True
id:900102:2018601,92300,63600,59800,68700,6.39,2.0,2600,0.0643,4100,14300,15.46,15.0,True,True
id:900103:2018602,23900,15600,14700,16800,7.39,2.0,1400,0.0693,1100,3600,14.96,15.0,True,True
id:900101:2018700,99800,62100,58400,67100,6.73,2.0,3000,0.0199,1200,24800,24.8,15.0,True,True
id:900102:2018701,25900,15700,14800,17000,5.84,2.0,1300,0.0678,1100,5800,22.41,15.0,True,True
id:900103:2018702,26800,15800,14900,17100,6.05,2.0,1400,0.0266,400,7000,26.2,15.0,True,True
vn:100001:1018800,43700,30100,28300,32500,5.64,2.0,1700,0.0489,1500,7100,16.22,15.0,True,True
vn:100002:1018801,45300,27200,25600,29400,5.16,2.0,1400,0.0514,1400,12100,26.62,15.0,True,True
vn:100003:1018802,93700,58200,54700,62900,8.85,2.0,3800,0.0414,2400,19100,20.41,15.0,True,True
vn:100601:1018900,27000,17300,16300,18700,9.38,2.0,1600,0.0549,900,4100,15.1,15.0,True,True
vn:100602:1018901,56000,38500,36200,41600,8.72,2.0,3000,0.0725,2800,5700,10.19,15.0,True,True
vn:100603:1018902,115900,75300,70800,81300,8.18,2.0,3200,0.0342,2600,23000,19.87,15.0,True,True
id:900201:2019000,44500,31500,29600,34000,6.25,2.0,2400,0.0321,1000,5900,13.3,15.0,True,True
id:900202:2019001,92300,63500,59700,68600,9.51,2.0,4700,0.0491,3100,10400,11.22,15.0,True,True
id:900203:2019002,23900,14600,13700,15800,6.04,2.0,1000,0.0685,1000,5400,22.5,15.0,True,True
vn:100001:1019100,185100,115800,108900,125100,9.09,2.0,8700,0.0597,6900,33200,17.91,15.0,True,True
vn:100002:1019101,48000,28500,26800,30800,4.37,2.0,2600,0.018,500,13300,27.77,15.0,True,True
vn:100003:1019102,49600,29000,27300,31300,5.41,2.0,1800,0.0571,1700,13500,27.15,15.0,True,True
id:900101:2019200,18200,13100,12300,14100,8.7,2.0,800,0.0662,900,1500,8.16,15.0,True,True
id:900102:2019201,18900,11600,10900,12500,7.98,2.0,500,0.0262,300,4600,24.39,15.0,True,True
id:900103:2019202,39100,23600,22200,25500,9.59,2.0,1900,0.046,1100,8000,20.42,15.0,True,True
vn:100301:1019300,32700,23800,22400,25700,9.29,2.0,1900,0.0235,600,2700,8.41,15.0,True,True
vn:100302:1019301,67700,48500,45600,52400,5.46,2.0,2800,0.0693,3400,8000,11.8,15.0,True,True
vn:100303:1019302,140200,91000,85500,98300,9.79,2.0,4100,0.0407,3700,24900,17.74,15.0,True,True
id:900101:2019400,49900,31500,29600,34000,4.82,2.0,1700,0.0622,2000,11300,22.72,15.0,True,True
id:900102:2019401,103500,74600,70100,80600,5.71,2.0,4200,0.0359,2700,14000,13.57,15.0,True,True
id:900103:2019402,26800,16100,15100,17400,7.95,2.0,1000,0.0277,400,6600,24.58,15.0,True,True
vn:100301:1019500,168200,121000,113700,130700,4.04,2.0,5100,0.0429,5200,26700,15.9,15.0,True,True
vn:100302:1019501,43600,27200,25600,29400,7.2,2.0,2400,0.0574,1600,8400,19.33,15.0,True,True
vn:100303:1019502,45100,30700,28900,33200,9.1,2.0,1500,0.0145,400,7400,16.52,15.0,True,True
vn:100601:1019600,33000,21900,20600,23700,7.65,2.0,1000,0.0143,300,6600,20.01,15.0,True,True
vn:100602:1019601,34300,22300,21000,24100,7.86,2.0,900,0.0408,900,6800,19.85,15.0,True,True
vn:100603:1019602,70900,51500,48400,55600,8.58,2.0,3700,0.0394,2000,6200,8.7,15.0,True,True
vn:100501:1019700,33600,22300,21000,24100,4.51,2.0,1300,0.0279,600,7200,21.4,15.0,True,True
vn:100502:1019701,69600,40600,38200,43800,6.79,2.0,3100,0.0488,2000,17800,25.58,15.0,True,True
vn:100503:1019702,144100,91400,85900,98700,7.27,2.0,4000,0.0456,4200,31200,21.63,15.0,True,True
vn:100601:1019800,62800,40100,37700,43300,4.03,2.0,3700,0.0195,800,14400,22.98,15.0,True,True
vn:100602:1019801,130100,92900,87300,100300,8.57,2.0,7000,0.0245,2300,14200,10.89,15.0,True,True
vn:100603:1019802,33700,23300,21900,25200,4.25,2.0,1100,0.0205,500,6700,19.93,15.0,True,True
vn:100601:1019900,106200,64800,60900,70000,5.31,2.0,3300,0.0534,3500,26900,25.31,15.0,True,True
vn:100602:1019901,27500,18400,17300,19900,9.06,2.0,1400,0.0316,600,4100,14.83,15.0,True,True
vn:100603:1019902,28500,20700,19500,22400,7.77,2.0,1700,0.0209,400,2900,10.12,15.0,True,True
id:900201:2020000,18200,11400,10700,12300,9.14,2.0,500,0.0536,600,3700,20.12,15.0,True,True
id:900202:2020001,18900,11700,11000,12600,5.09,2.0,500,0.0457,500,4800,25.53,15.0,True,True
id:900203:2020002,39100,24800,23300,26800,9.53,2.0,1400,0.033,800,7600,19.37,15.0,True,True
vn:100601:1020100,34000,22400,21100,24200,6.83,2.0,1300,0.0724,1600,5700,16.69,15.0,True,True
vn:100602:1020101,70400,45100,42400,48700,5.49,2.0,3900,0.0354,1600,14500,20.64,15.0,True,True
vn:100603:1020102,145800,92600,87000,100000,8.65,2.0,5700,0.0712,6600,25400,17.41,15.0,True,True
id:900101:2020200,49900,33100,31100,35700,9.55,2.0,3000,0.0122,400,7600,15.3,15.0,True,True
id:900102:2020201,103500,73400,69000,79300,5.75,2.0,4500,0.027,2000,15600,15.07,15.0,True,True
id:900103:2020202,26800,19500,18300,21100,5.38,2.0,800,0.0355,700,3800,14.29,15.0,True,True
id:900701:2020300,89100,55900,52500,60400,7.24,2.0,4600,0.0396,2200,18200,20.37,15.0,True,True
id:900702:2020301,23100,15700,14800,17000,5.39,2.0,1300,0.0386,600,3800,16.39,15.0,True,True
id:900703:2020302,23900,16200,15200,17500,8.64,2.0,700,0.0659,1100,3400,14.18,15.0,True,True
vn:100301:1020400,32700,20400,19200,22000,6.75,2.0,1300,0.0116,200,7900,24.17,15.0,True,True
vn:100302:1020401,33800,21800,20500,23500,9.18,2.0,1400,0.0698,1500,5300,15.68,15.0,True,True
vn:100303:1020402,70100,48300,45400,52200,4.54,2.0,4000,0.0271,1300,11900,16.99,15.0,True,True
vn:100601:1020500,37400,24200,22700,26100,5.18,2.0,1600,0.0332,800,8100,21.69,15.0,True,True
vn:100602:1020501,77600,49700,46700,53700,9.1,2.0,4500,0.0628,3100,11700,15.03,15.0,True,True
vn:100603:1020502,160700,114200,107300,123300,9.48,2.0,4800,0.0778,8900,14400,8.94,15.0,True,True
id:900201:2020600,36500,25800,24300,27900,6.52,2.0,900,0.0402,1000,5700,15.49,15.0,True,True
id:900202:2020601,75600,47700,44800,51500,5.79,2.0,3700,0.0214,1000,17300,22.87,15.0,True,True
id:900203:2020602,19600,13900,13100,15000,4.8,2.0,700,0.0498,700,3000,15.18,15.0,True,True
id:900201:2020700,73000,43200,40600,46700,7.37,2.0,3400,0.0517,2200,17300,23.73,15.0,True,True
id:900202:2020701,18900,12800,12000,13800,6.17,2.0,800,0.0431,600,3200,16.95,15.0,True,True
id:900203:2020702,19600,13800,13000,14900,7.01,2.0,900,0.0258,400,2800,14.17,15.0,True,True
vn:100301:1020800,46600,28800,27100,31100,5.83,2.0,1400,0.0117,300,12400,26.64,15.0,True,True
vn:100302:1020801,48300,33600,31600,36300,4.74,2.0,1800,0.074,2500,7200,14.82,15.0,True,True
vn:100303:1020802,99900,64800,60900,70000,7.69,2.0,3000,0.0744,4800,17600,17.62,15.0,True,True
vn:100401:1020900,34200,20700,19500,22400,4.8,2.0,1600,0.0712,1500,8100,23.69,15.0,True,True
vn:100402:1020901,71000,50000,47000,54000,9.18,2.0,4200,0.0605,3000,5800,8.22,15.0,True,True
vn:100403:1020902,147000,106300,99900,114800,8.82,2.0,4000,0.0302,3200,17600,11.96,15.0,True,True
vn:100601:1021000,59000,34800,32700,37600,7.91,2.0,3400,0.0138,500,14500,24.53,15.0,True,True
vn:100602:1021001,122200,74100,69700,80000,7.79,2.0,3300,0.0114,800,32000,26.18,15.0,True,True
vn:100603:1021002,31600,21800,20500,23500,8.33,2.0,800,0.0353,800,5000,15.72,15.0,True,True
id:900201:2021100,62200,44900,42200,48500,7.75,2.0,3500,0.0503,2300,5500,8.81,15.0,True,True
id:900202:2021101,16100,10300,9700,11100,4.54,2.0,600,0.0743,800,3400,21.0,15.0,True,True
id:900203:2021102,16700,9700,9100,10500,5.29,2.0,700,0.0626,600,4500,26.8,15.0,True,True
vn:100601:1021200,27000,16600,15600,17900,6.83,2.0,700,0.0217,400,7000,25.76,15.0,True,True
vn:100602:1021201,28000,18900,17800,20400,6.81,2.0,1300,0.0731,1400,4000,14.11,15.0,True,True
vn:100603:1021202,57900,38900,36600,42000,8.73,2.0,3200,0.0516,2000,7600,13.09,15.0,True,True
vn:100601:1021300,34800,20800,19600,22500,4.27,2.0,1500,0.0718,1500,8800,25.36,15.0,True,True
vn:100602:1021301,72200,49900,46900,53900,6.08,2.0,3600,0.0242,1200,11700,16.15,15.0,True,True
vn:100603:1021302,149600,91400,85900,98700,4.84,2.0,5600,0.0591,5400,37000,24.71,15.0,True,True
vn:100601:1021400,55100,37300,35100,40300,7.83,2.0,3100,0.0414,1500,7700,14.05,15.0,True,True
vn:100602:1021401,114200,77500,72800,83700,9.67,2.0,5500,0.0288,2200,15600,13.7,15.0,True,True
vn:100603:1021402,29600,19300,18100,20800,4.66,2.0,1000,0.0203,400,6900,23.44,15.0,True,True
id:900701:2021500,89100,54200,50900,58500,6.05,2.0,4600,0.033,1800,21300,23.95,15.0,True,True
id:900702:2021501,23100,14000,13200,15100,4.5,2.0,1200,0.0778,1100,5300,22.98,15.0,True,True
id:900703:2021502,23900,14500,13600,15700,4.99,2.0,900,0.0307,400,6400,26.71,15.0,True,True
vn:100601:1021600,40700,24700,23200,26700,6.14,2.0,1100,0.0327,800,10800,26.48,15.0,True,True
vn:100602:1021601,42200,25600,24100,27600,4.56,2.0,1900,0.0574,1500,10500,24.79,15.0,True,True
vn:100603:1021602,87300,63700,59900,68800,8.57,2.0,4300,0.036,2300,7800,8.91,15.0,True,True
vn:100601:1021700,32200,22500,21200,24300,6.53,2.0,900,0.0666,1500,4600,14.15,15.0,True,True
vn:100602:1021701,66700,41900,39400,45300,6.54,2.0,1900,0.0254,1100,16100,24.2,15.0,True,True
vn:100603:1021702,138100,84900,79800,91700,8.94,2.0,6100,0.0237,2000,30000,21.71,15.0,True,True
id:900201:2021800,31100,20100,18900,21700,4.51,2.0,1600,0.0181,400,7000,22.55,15.0,True,True
id:900202:2021801,64500,45900,43100,49600,5.81,2.0,2900,0.0172,800,9900,15.31,15.0,True,True
id:900203:2021802,16700,10100,9500,10900,4.37,2.0,700,0.0764,800,4100,24.34,15.0,True,True
id:900701:2021900,62200,41100,38600,44400,4.81,2.0,3500,0.0729,3000,10400,16.67,15.0,True,True
id:900702:2021901,16100,11500,10800,12400,5.07,2.0,500,0.0597,700,2300,14.13,15.0,True,True
id:900703:2021902,16700,11600,10900,12500,7.55,2.0,800,0.0379,400,2300,13.57,15.0,True,True
id:900701:2022000,18200,12300,11600,13300,8.38,2.0,500,0.0493,600,2900,15.96,15.0,True,True
id:900702:2022001,18900,13100,12300,14100,4.7,2.0,700,0.0736,1000,2900,15.18,15.0,True,True
id:900703:2022002,39100,23800,22400,25700,9.21,2.0,1200,0.029,700,9000,23.09,15.0,True,True
vn:100401:1022100,28200,18300,17200,19800,4.2,2.0,1400,0.029,500,6200,22.06,15.0,True,True
vn:100402:1022101,58400,42400,39900,45800,9.28,2.0,2000,0.0432,1800,5600,9.56,15.0,True,True
vn:100403:1022102,120900,78800,74100,85100,4.22,2.0,4300,0.0337,2700,27600,22.85,15.0,True,True
id:900701:2022200,31100,19300,18100,20800,4.11,2.0,900,0.0156,300,8700,27.97,15.0,True,True
id:900702:2022201,64500,39200,36800,42300,4.99,2.0,3600,0.0103,400,16800,26.03,15.0,True,True
id:900703:2022202,16700,10800,10200,11700,6.19,2.0,900,0.042,500,3200,19.03,15.0,True,True
vn:100601:1022300,155200,104100,97900,112400,5.03,2.0,8100,0.0771,8000,24100,15.5,15.0,True,True
vn:100602:1022301,40200,28000,26300,30200,8.09,2.0,1700,0.054,1500,4900,12.27,15.0,True,True
vn:100603:1022302,41600,26500,24900,28600,7.71,2.0,1900,0.031,800,8300,20.05,15.0,True,True
vn:100001:1022400,31600,22800,21400,24600,5.28,2.0,1200,0.0785,1800,3500,11.11,15.0,True,True
vn:100002:1022401,32700,23000,21600,24800,4.99,2.0,1300,0.0459,1100,5100,15.47,15.0,True,True
vn:100003:1022402,67800,40400,38000,43600,5.65,2.0,3000,0.0232,900,18300,26.96,15.0,True,True
vn:100601:1022500,28700,20200,19000,21800,6.26,2.0,1700,0.0707,1400,3000,10.46,15.0,True,True
vn:100602:1022501,59500,35400,33300,38200,5.02,2.0,1800,0.0234,800,17300,29.07,15.0,True,True
vn:100603:1022502,123300,85000,79900,91800,4.6,2.0,4100,0.0735,6200,19800,16.07,15.0,True,True
id:900201:2022600,27600,19100,18000,20600,8.56,2.0,900,0.0538,1000,3700,13.25,15.0,True,True
id:900202:2022601,57200,39100,36800,42200,8.46,2.0,2500,0.0761,3000,6600,11.61,15.0,True,True
id:900203:2022602,14800,8800,8300,9500,4.02,2.0,700,0.0683,600,3800,25.73,15.0,True,True
vn:100301:1022700,164800,98400,92500,106300,4.06,2.0,4300,0.0623,6100,46000,27.9,15.0,True,True
vn:100302:1022701,42700,26500,24900,28600,5.71,2.0,1600,0.0197,500,10800,25.26,15.0,True,True
vn:100303:1022702,44200,29700,27900,32100,4.09,2.0,2400,0.065,1900,7500,16.92,15.0,True,True
vn:100601:1022800,38300,24400,22900,26400,6.81,2.0,2200,0.0341,800,7500,19.57,15.0,True,True
vn:100602:1022801,39700,23300,21900,25200,6.22,2.0,2200,0.0523,1200,9700,24.48,15.0,True,True
vn:100603:1022802,82200,54700,51400,59100,9.98,2.0,2900,0.0238,1300,13500,16.36,15.0,True,True
vn:100601:1022900,31000,18000,16900,19400,4.64,2.0,1000,0.0617,1100,8800,28.49,15.0,True,True
vn:100602:1022901,64300,43700,41100,47200,5.39,2.0,2700,0.0376,1600,11500,17.89,15.0,True,True
vn:100603:1022902,133100,81400,76500,87900,7.37,2.0,7100,0.0125,1000,31100,23.37,15.0,True,True
vn:100601:1023000,89700,56700,53300,61200,7.89,2.0,3200,0.028,1600,19300,21.56,15.0,True,True
vn:100602:1023001,185900,123100,115700,132900,5.57,2.0,10400,0.0652,8000,30300,16.3,15.0,True,True
vn:100603:1023002,48100,28600,26900,30900,5.48,2.0,2800,0.0724,2100,11000,22.93,15.0,True,True
vn:100601:1023100,151700,109800,103200,118600,7.06,2.0,5400,0.0261,2900,19900,13.11,15.0,True,True
vn:100602:1023101,39300,25700,24200,27800,8.65,2.0,1800,0.0511,1300,6300,16.03,15.0,True,True
vn:100603:1023102,40700,29000,27300,31300,8.21,2.0,1400,0.0348,1000,5100,12.62,15.0,True,True
vn:100601:1023200,37100,22800,21400,24600,6.31,2.0,1100,0.0395,900,9200,24.84,15.0,True,True
vn:100602:1023201,38400,24300,22800,26200,8.98,2.0,2000,0.0679,1600,6200,16.23,15.0,True,True
vn:100603:1023202,79500,48400,45500,52300,8.02,2.0,3200,0.0448,2200,17800,22.35,15.0,True,True
vn:100601:1023300,30300,18600,17500,20100,6.34,2.0,1000,0.0563,1000,7100,23.52,15.0,True,True
vn:100602:1023301,62900,38100,35800,41100,8.42,2.0,2400,0.0426,1600,14200,22.61,15.0,True,True
vn:100603:1023302,130200,80100,75300,86500,8.53,2.0,6900,0.0696,5600,23900,18.37,15.0,True,True
id:900201:2023400,36500,25800,24300,27900,5.0,2.0,1700,0.0781,2000,4400,12.14,15.0,True,True
id:900202:2023401,75600,51800,48700,55900,7.16,2.0,3800,0.0761,3900,9100,12.08,15.0,True,True
id:900203:2023402,19600,13500,12700,14600,4.56,2.0,800,0.0128,200,3800,19.6,15.0,True,True
vn:100001:1023500,165500,108400,101900,117100,9.46,2.0,7300,0.0249,2700,28100,17.0,15.0,True,True
vn:100002:1023501,42900,31000,29100,33500,6.35,2.0,2300,0.0369,1100,4900,11.36,15.0,True,True
vn:100003:1023502,44400,32000,30100,34600,7.79,2.0,1300,0.0574,1800,4900,11.07,15.0,True,True
vn:100601:1023600,19900,13000,12200,14000,8.06,2.0,1100,0.0522,700,3100,15.68,15.0,True,True
vn:100602:1023601,20600,12300,11600,13300,8.19,2.0,700,0.0468,600,4900,23.91,15.0,True,True
vn:100603:1023602,42700,30800,29000,33300,7.66,2.0,1800,0.0185,600,5400,12.66,15.0,True,True
id:900101:2023700,22300,14700,13800,15900,8.84,2.0,1200,0.0255,400,3600,16.18,15.0,True,True
id:900102:2023701,46200,27300,25700,29500,6.44,2.0,2200,0.019,500,12300,26.58,15.0,True,True
id:900103:2023702,95600,58400,54900,63100,9.62,2.0,3900,0.04,2300,19900,20.77,15.0,True,True
vn:100401:1023800,66700,41500,39000,44800,4.62,2.0,2500,0.071,2900,15300,23.0,15.0,True,True
vn:100402:1023801,138300,81400,76500,87900,8.7,2.0,4900,0.0685,5600,31600,22.87,15.0,True,True
vn:100403:1023802,35800,26000,24400,28100,5.18,2.0,1000,0.0345,900,5300,14.9,15.0,True,True
vn:100301:1023900,211600,135600,127500,146400,8.07,2.0,10900,0.0407,5500,38300,18.09,15.0,True,True
vn:100302:1023901,54800,37300,35100,40300,5.61,2.0,2600,0.038,1400,9300,16.99,15.0,True,True
vn:100303:1023902,56800,33500,31500,36200,9.06,2.0,1900,0.0371,1200,13900,24.43,15.0,True,True
id:900201:2024000,13800,10100,9500,10900,9.71,2.0,500,0.0383,400,1200,8.68,15.0,True,True
id:900202:2024001,14300,8800,8300,9500,4.9,2.0,400,0.0299,300,3900,26.92,15.0,True,True
id:900203:2024002,29600,17900,16800,19300,7.95,2.0,1000,0.0436,800,7000,23.56,15.0,True,True
vn:100601:1024100,30200,18000,16900,19400,9.94,2.0,1400,0.0397,700,6500,21.46,15.0,True,True
vn:100602:1024101,62700,40500,38100,43700,4.18,2.0,2700,0.0181,700,14900,23.75,15.0,True,True
vn:100603:1024102,129800,94400,88700,102000,9.07,2.0,3400,0.0698,6600,11000,8.51,15.0,True,True
vn:100601:1024200,69300,44700,42000,48300,7.03,2.0,2500,0.0199,900,15000,21.58,15.0,True,True
vn:100602:1024201,143700,97500,91600,105300,6.01,2.0,8000,0.0279,2700,24000,16.68,15.0,True,True
vn:100603:1024202,37200,26000,24400,28100,8.48,2.0,1800,0.0378,1000,4500,12.15,15.0,True,True
vn:100301:1024300,122500,75500,71000,81500,5.9,2.0,5300,0.0759,5700,26300,21.46,15.0,True,True
vn:100302:1024301,31700,22100,20800,23900,4.31,2.0,1800,0.0329,700,5100,16.0,15.0,True,True
vn:100303:1024302,32900,23700,22300,25600,8.37,2.0,1800,0.0622,1500,2500,7.64,15.0,True,True
vn:100601:1024400,30300,19900,18700,21500,7.31,2.0,800,0.026,500,6300,20.67,15.0,True,True
vn:100602:1024401,31500,22200,20900,24000,9.89,2.0,1600,0.0216,500,3500,11.03,15.0,True,True
vn:100603:1024402,65100,40900,38400,44200,6.27,2.0,3800,0.0349,1400,13600,20.87,15.0,True,True
vn:100501:1024500,32200,23000,21600,24800,7.96,2.0,1700,0.0798,1800,2500,7.63,15.0,True,True
vn:100502:1024501,66700,46000,43200,49700,6.31,2.0,3600,0.0354,1600,9900,14.89,15.0,True,True
vn:100503:1024502,138100,99200,93200,107100,5.96,2.0,6600,0.0167,1700,19700,14.23,15.0,True,True
vn:100401:1024600,89300,52200,49100,56400,8.78,2.0,3800,0.0711,3700,20000,22.35,15.0,True,True
vn:100402:1024601,185100,131200,123300,141700,8.9,2.0,8800,0.0712,9300,15600,8.42,15.0,True,True
vn:100403:1024602,47900,28500,26800,30800,5.0,2.0,1400,0.0493,1400,13200,27.64,15.0,True,True
vn:100601:1024700,129800,89200,83800,96300,8.79,2.0,4900,0.0187,1700,20000,15.43,15.0,True,True
vn:100602:1024701,33600,19600,18400,21200,9.42,2.0,1800,0.058,1100,7200,21.51,15.0,True,True
vn:100603:1024702,34800,23300,21900,25200,9.34,2.0,1000,0.038,900,5700,16.29,15.0,True,True
id:900701:2024800,15600,10500,9900,11300,7.2,2.0,700,0.0334,400,2600,16.76,15.0,True,True
id:900702:2024801,16100,9900,9300,10700,5.52,2.0,600,0.0382,400,4000,24.91,15.0,True,True
id:900703:2024802,33400,22500,21200,24300,8.01,2.0,1200,0.043,1000,5400,16.14,15.0,True,True
vn:100301:1024900,52000,35300,33200,38100,6.76,2.0,1400,0.0422,1500,9300,17.8,15.0,True,True
vn:100302:1024901,107900,73300,68900,79200,4.41,2.0,6200,0.0342,2500,19000,17.59,15.0,True,True
vn:100303:1024902,223400,150400,141400,162400,4.9,2.0,12600,0.0454,6800,38200,17.08,15.0,True,True
vn:100601:1025000,57000,39900,37500,43100,8.39,2.0,2200,0.078,3100,5900,10.29,15.0,True,True
vn:100602:1025001,118200,73800,69400,79700,5.35,2.0,4500,0.0153,1100,30100,25.45,15.0,True,True
vn:100603:1025002,30600,19200,18000,20700,7.99,2.0,900,0.0454,900,6600,21.48,15.0,True,True
